id,origin_airport,origin_airport_name,origin_city,origin_state,origin_latitude,origin_longitude,mean_arrival_delay,flight_count,mean_delay_time_per_flight,orig_count_early_flights,mean_early_arrival_time,orig_count_delayed_flights,mean_arrival_delay_time,percent_early_flights,percent_delayed_flights,mean_early_arrival_time_per_flight,mean_arrival_delay_time_per_flight
1,ABE,Lehigh Valley International Airport,Allentown,PA,40.652359999999994,-75.4404,6.280210867802109,2513,0.0024990890838846435,1502,-11.83155792276964,914,36.38730853391685,59.76920015917231,36.370871468364506,-0.4708140836756722,1.4479629340993574
2,ABI,Abilene Regional Airport,Abilene,TX,32.41132,-99.6819,2.5369376805612878,2530,0.001002742166229758,1663,-13.479254359591101,718,39.78133704735376,65.73122529644269,28.379446640316207,-0.5327768521577511,1.5723848635317692
3,ABQ,Albuquerque International Sunport,Albuquerque,NM,35.04022,-106.60918999999998,4.414322250639386,21008,0.00021012577354528685,12658,-11.425659661873913,7566,31.205921226539783,60.25323686214775,36.01485148514851,-0.05438718422445694,0.148543037064641
4,ABR,Aberdeen Regional Airport,Aberdeen,SD,45.449059999999996,-98.42183,9.027285129604365,742,0.012166152465774077,430,-9.809302325581395,275,39.4,57.95148247978437,37.06199460916442,-1.3220083996740426,5.309973045822102
5,ABY,Southwest Georgia Regional Airport,Albany,GA,31.53552,-84.19447,7.8844537815126055,963,0.008187387104374461,582,-9.206185567010309,347,37.07204610951008,60.43613707165109,36.033229491173415,-0.955990193874383,3.8496413405514103
6,ACK,Nantucket Memorial Airport,Nantucket,MA,41.25305,-70.06018,10.346978557504872,520,0.01989803568750937,325,-14.267692307692307,176,56.50568181818182,62.5,33.84615384615385,-2.7437869822485204,10.866477272727273
7,ACT,Waco Regional Airport,Waco,TX,31.611290000000004,-97.23052,3.21143537820131,1760,0.0018246791921598352,1155,-13.27099567099567,482,42.98755186721991,65.625,27.386363636363637,-0.7540338449429358,2.4424745379102224
8,ACV,Arcata Airport,Arcata/Eureka,CA,40.978120000000004,-124.10862,7.962509012256669,1442,0.005521850910025429,878,-12.833712984054669,486,45.90946502057613,60.887656033287094,33.70319001386963,-0.88999396560712,3.1837354383201197
9,ACY,Atlantic City International Airport,Atlantic City,NJ,39.45758,-74.57717,7.858695652173913,3820,0.002057250170726155,2233,-11.253022839229736,1479,37.03245436105477,58.45549738219895,38.717277486910994,-0.2945817497180559,0.9694359780380829
10,ADK,Adak Airport,Adak,AK,51.877959999999995,-176.64603,11.824742268041238,105,0.11261659302896417,35,-14.8,61,27.295081967213115,33.33333333333333,58.0952380952381,-14.095238095238097,25.995316159250585
11,ADQ,Kodiak Airport,Kodiak,AK,57.74997,-152.49386,1.8731182795698924,491,0.0038149048463745265,277,-9.938628158844764,171,21.19298245614035,56.41547861507128,34.82688391038696,-2.0241605211496467,4.316289705934898
12,AEX,Alexandria International Airport,Alexandria,LA,31.327370000000002,-92.54856,8.24249699879952,3428,0.0024044623683779232,1987,-12.027679919476597,1269,40.47517730496454,57.96382730455076,37.018669778296385,-0.350865808619504,1.180722791860109
13,AGS,Augusta Regional Airport (Bush Field),Augusta,GA,33.36996,-81.9645,7.975467289719626,2584,0.003086481149272301,1388,-9.452449567723344,1102,30.49092558983666,53.71517027863777,42.64705882352941,-0.36580687181591887,1.1799893804116355
14,AKN,King Salmon Airport,King Salmon,AK,58.6768,-156.64921999999999,4.349206349206349,63,0.06903502141597379,30,-8.8,32,16.8125,47.61904761904761,50.79365079365079,-13.968253968253968,26.686507936507937
15,ALB,Albany International Airport,Albany,NY,42.74812,-73.80298,-2.24549857196076,8193,-0.0002740752559454119,5732,-15.991625959525472,2186,33.660109789569994,69.96216282192115,26.681313316245575,-0.195186451355126,0.41083986072952516
16,ALO,Waterloo Regional Airport,Waterloo,IA,42.55708,-92.40034,-0.5031347962382445,674,-0.0007464907956057041,454,-16.433920704845814,173,41.27167630057804,67.35905044510386,25.667655786350146,-2.4382671668910705,6.123394109878047
17,AMA,Rick Husband Amarillo International Airport,Amarillo,TX,35.21937,-101.70593000000001,6.0883965280950205,4521,0.001346692441516262,2666,-10.431732933233308,1615,33.72507739938081,58.96925458969255,35.72218535722185,-0.23073950305758256,0.745964994456554
18,ANC,Ted Stevens Anchorage International Airport,Anchorage,AK,61.174319999999994,-149.99618999999996,-0.4801384732734847,17239,-2.78518750086133e-05,11000,-12.526454545454545,5601,23.140153544009998,63.80880561517489,32.490283659144964,-0.07266346392165755,0.13423141449045767
19,APN,Alpena County Regional Airport,Alpena,MI,45.078070000000004,-83.56029000000002,1.9899328859060403,626,0.0031788065270064543,417,-14.002398081534773,162,43.364197530864196,66.61341853035144,25.878594249201274,-2.2368048053569924,6.9271881039719165
20,ASE,Aspen-Pitkin County Airport,Aspen,CO,39.22316,-106.86885,15.26196928635953,3621,0.004214849292007603,1772,-13.109480812641083,1483,49.841537424140256,48.93675780171223,40.95553714443524,-0.36204034279594266,1.37645781342558
21,ATL,Hartsfield-Jackson Atlanta International Airport,Atlanta,GA,33.640440000000005,-84.42694,2.422555566497481,379125,6.389859720402192e-06,244933,-11.530051075191992,122192,30.560879599319104,64.60481371579294,32.230003297065615,-0.0030412267920058005,0.008060898014986904
22,ATW,Appleton International Airport,Appleton,WI,44.25741,-88.51948,5.523856858846918,3108,0.0017773027216367175,1743,-11.989672977624785,1192,31.517617449664428,56.08108108108109,38.35263835263835,-0.38576811382319126,1.0140803555233084
23,AUS,Austin-Bergstrom International Airport,Austin,TX,30.19453,-97.66986999999999,5.014036528797836,42067,0.00011919168300087564,25670,-11.401363459291002,14681,34.07220216606498,61.02170347303112,34.8990895476264,-0.027102867947063024,0.08099508442737771
24,AVL,Asheville Regional Airport,Asheville,NC,35.43619,-82.54181,6.324186991869919,3029,0.0020878794955001383,1830,-11.934426229508198,1056,38.36079545454545,60.415978870914486,34.86299108616705,-0.394005487933582,1.2664508238542573
25,AVP,Wilkes-Barre/Scranton International Airport,Wilkes-Barre/Scranton,PA,41.33815,-75.72426999999998,6.529207232267037,1472,0.0044356027393118455,890,-12.003370786516854,508,39.511811023622045,60.46195652173913,34.51086956521739,-0.8154463849535906,2.684226292365628
26,AZO,Kalamazoo/Battle Creek International Airport,Kalamazoo,MI,42.23488,-85.55206,0.5104669887278583,1966,0.00025964750189616395,1305,-15.032183908045978,528,38.95454545454545,66.37843336724313,26.856561546286876,-0.7646075232983712,1.9814112642189956
27,BDL,Bradley International Airport,Windsor Locks,CT,41.93887,-72.68323000000002,0.17430278884462153,20513,8.4971866057925e-06,13661,-14.635165800453846,6065,33.54179719703215,66.59679227806757,29.566616292107444,-0.07134580900138374,0.16351483058076416
28,BET,Bethel Airport,Bethel,AK,60.77978,-161.838,3.8184647302904566,980,0.0038963925819290373,569,-9.332161687170474,365,24.632876712328766,58.06122448979592,37.244897959183675,-0.9522613966500485,2.513558848196813
29,BFL,Meadows Field,Bakersfield,CA,35.4336,-119.05677,3.26101083032491,2820,0.0011563868192641525,1818,-13.014851485148515,896,36.488839285714285,64.46808510638297,31.773049645390074,-0.4615195562109402,1.29393047112462
30,BGM,Greater Binghamton Airport,Binghamton,NY,42.20848,-75.97961,6.218068535825545,324,0.019191569555017114,221,-14.678733031674208,95,55.1578947368421,68.20987654320987,29.32098765432099,-4.5304731579241375,17.024041585445094
31,BGR,Bangor International Airport,Bangor,ME,44.80744,-68.82814,3.2384615384615385,393,0.008240360148757096,255,-13.325490196078432,128,36.4140625,64.8854961832061,32.56997455470738,-3.3907099735568527,9.26566475826972
32,BHM,Birmingham-Shuttlesworth International Airport,Birmingham,AL,33.562940000000005,-86.75355,4.253259816705164,13660,0.00031136601879247174,8618,-12.382223253655141,4543,36.05392912172573,63.08931185944363,33.257686676427525,-0.09064585105164819,0.2639379877139512
33,BIL,Billings Logan International Airport,Billings,MT,45.80766,-108.54286,-2.7280025690430314,3130,-0.0008715663159881889,2391,-12.087829360100377,679,30.054491899852724,76.38977635782747,21.69329073482428,-0.3861926313131111,0.9602074089409817
34,BIS,Bismarck Municipal Airport,Bismarck,ND,46.77411,-100.74672,4.208389351976337,3792,0.0011098073185591606,2357,-13.07679253288078,1289,36.053529868114815,62.157172995780584,33.992616033755276,-0.34485212375740454,0.9507787412477535
35,BJI,Bemidji Regional Airport,Bemidji,MN,47.50942,-94.93372,0.7796143250688705,729,0.0010694298011918663,521,-13.12092130518234,188,39.37234042553192,71.46776406035666,25.788751714677637,-1.79985203088921,5.400869742871319
36,BLI,Bellingham International Airport,Bellingham,WA,48.79275,-122.53753,-1.4105113636363635,711,-0.0019838415803605674,454,-13.766519823788546,229,22.95633187772926,63.85372714486639,32.20815752461322,-1.936219384499092,3.228738660721415
37,BMI,Central Illinois Regional Airport at Bloomington-Normal,Bloomington,IL,40.47799000000001,-88.91595,4.908995449772489,2968,0.0016539742081443695,1843,-14.149755832881173,958,41.86116910229645,62.09568733153639,32.277628032345014,-0.4767437949083953,1.4104167487296648
38,BNA,Nashville International Airport,Nashville,TN,36.12448,-86.67818,4.079659614702754,52000,7.845499259043758e-05,31739,-12.060178329499983,17943,32.875550353898454,61.036538461538456,34.50576923076923,-0.023192650633653812,0.0632222122190355
39,BOI,Boise Airport (Boise Air Terminal),Boise,ID,43.56444000000001,-116.22278,5.564432176656151,12815,0.0004342124211202615,7854,-10.657499363381715,4495,34.31835372636262,61.28755364806867,35.07608271556769,-0.08316425566431303,0.2677983123399346
40,BOS,Gen. Edward Lawrence Logan International Airport,Boston,MA,42.36435,-71.00518000000002,3.7657638834478138,117980,3.191866319247172e-05,71053,-14.30625026388752,41746,34.71144540794327,60.2246143414138,35.38396338362435,-0.012125996155185217,0.02942146584840081
41,BPT,Jack Brooks Regional Airport (Southeast Texas Regional),Beaumont/Port Arthur,TX,29.95083,-94.02069,14.47979797979798,1060,0.01366018677339432,543,-11.769797421731123,427,48.53864168618267,51.22641509433963,40.28301886792453,-1.1103582473331248,4.579117140205913
42,BQK,Brunswick Golden Isles Airport,Brunswick,GA,31.25903,-81.46631,4.481132075471698,963,0.0046533043358999975,617,-12.439222042139384,312,38.30128205128205,64.07061266874351,32.398753894081,-1.2917156845419921,3.977287855792529
43,BQN,Rafael Hernández Airport,Aguadilla,PR,18.49486,-67.12944,4.538892782060266,1439,0.0031541992926061614,922,-14.695227765726681,484,41.37603305785124,64.0722724113968,33.63446838082002,-1.0212111025522363,2.8753323876199612
44,BRD,Brainerd Lakes Regional Airport,Brainerd,MN,46.397859999999994,-94.13723,-0.6897637795275591,642,-0.001074398410479064,409,-15.06601466992665,219,26.136986301369863,63.70716510903427,34.112149532710276,-2.346731256997921,4.071181666880041
45,BRO,Brownsville/South Padre Island International Airport,Brownsville,TX,25.90683,-97.42586,1.6226568867155664,2566,0.0006323682333264093,1738,-13.289413118527042,668,40.537425149700596,67.73187840997662,26.03273577552611,-0.5179038627641093,1.5797905358418005
46,BRW,Wiley Post-Will Rogers Memorial Airport,Barrow,AK,71.28545,-156.766,1.728381374722838,936,0.0018465612977808098,552,-11.840579710144928,329,24.6048632218845,58.97435897435898,35.14957264957265,-1.2650191998018085,2.6287247031927885
47,BTM,Bert Mooney Airport,Butte,MT,45.9548,-112.49746,-6.3940677966101696,729,-0.008771012066680618,591,-15.504230118443317,105,44.15238095238095,81.06995884773663,14.40329218106996,-2.1267805375093713,6.056568031876674
48,BTR,Baton Rouge Metropolitan Airport,Baton Rouge,LA,30.53316,-91.14963,10.753374393919538,7825,0.0013742331493826886,4142,-10.530420086914534,3309,37.98005439709882,52.93290734824281,42.287539936102235,-0.13457405861871607,0.485368107311167
49,BTV,Burlington International Airport,Burlington,VT,44.473,-73.15031,5.6649117373799935,3326,0.0017032206065484045,2028,-15.14102564102564,1158,42.3126079447323,60.97414311485267,34.816596512327116,-0.4552322802473133,1.272177027803136
50,BUF,Buffalo Niagara International Airport,Buffalo,NY,42.94052,-78.73217,0.1546426000775151,18417,8.396731285090682e-06,12600,-14.432777777777778,5143,35.90239160023333,68.4150513112885,27.92528642015529,-0.07836660573262626,0.19494158440697903
51,BUR,Bob Hope Airport (Hollywood Burbank Airport),Burbank,CA,34.20062,-118.3585,2.9562130177514794,20657,0.00014310950369131429,13094,-9.004276767985337,6564,27.095368677635587,63.38771360797792,31.776153362056448,-0.04358946975836441,0.131167975396406
52,BWI,Baltimore-Washington International Airport,Baltimore,MD,39.1754,-76.6682,6.772137081915332,94044,7.201030455866756e-05,52529,-12.21125473547945,37773,33.52349561856352,55.8557696397431,40.16524180170984,-0.01298461862051747,0.035646607565143464
53,BZN,Bozeman Yellowstone International Airport (Gallatin Field Airport),Bozeman,MT,45.7769,-111.15301000000001,1.017223650385604,3939,0.0002582441356652968,2628,-13.211187214611872,1170,33.05641025641026,66.71744097486672,29.7029702970297,-0.3353944456616368,0.8392081811731469
54,CAE,Columbia Metropolitan Airport,Columbia,SC,33.93884,-81.11954,7.541643684500827,5585,0.0013503390661595035,3311,-11.12745394140743,2010,38.73731343283582,59.283795881826315,35.98925693822739,-0.19923820844059856,0.6935955851895402
55,CAK,Akron-Canton Regional Airport,Akron,OH,40.916309999999996,-81.44247,-0.17236577440816958,6591,-2.6151687817959273e-05,4565,-14.133844468784227,1778,35.66197975253093,69.26111363981187,26.97617963890153,-0.21444157895287858,0.5410708504404633
56,CDC,Cedar City Regional Airport,Cedar City,UT,37.70097,-113.09858,0.4544,626,0.0007258785942492013,420,-12.195238095238095,196,27.581632653061224,67.0926517571885,31.309904153354633,-1.948121101475734,4.406011605920323
57,CDV,Merle K. (Mudhole) Smith Airport,Cordova,AK,60.49183000000001,-145.47765,-1.649859943977591,724,-0.0022788120773171144,476,-14.701680672268907,224,25.982142857142858,65.74585635359117,30.939226519337016,-2.030618877385208,3.5886937647987374
58,CEC,Del Norte County Airport (Jack McNamara Field),Crescent City,CA,41.780159999999995,-124.23653,9.583815028901734,190,0.05044113173106176,111,-17.34234234234234,59,60.728813559322035,58.42105263157895,31.05263157894737,-9.127548601232812,31.962533452274755
59,CHA,Chattanooga Metropolitan Airport (Lovell Field),Chattanooga,TN,35.035270000000004,-85.20379,5.540748898678414,4619,0.0011995559425586522,2754,-10.96477850399419,1668,33.18465227817746,59.62329508551635,36.111712491881356,-0.23738424992410023,0.7184380229092328
60,CHO,Charlottesville-Albemarle Airport,Charlottesville,VA,38.13864,-78.45286,8.504725085910653,2441,0.003484115151950288,1470,-12.995238095238095,814,47.79115479115479,60.22122081114297,33.34698893895944,-0.5323735393378982,1.9578514867330925
61,CHS,Charleston International Airport/Charleston AFB,Charleston,SC,32.89865,-80.04051,3.653858218318695,13024,0.0002805480818733642,8496,-12.521421845574388,3996,38.28228228228228,65.23341523341524,30.681818181818183,-0.09614113824918909,0.2939364425850912
62,CID,The Eastern Iowa Airport,Cedar Rapids,IA,41.88459,-91.71087,8.202332443445272,7364,0.0011138419939496567,4221,-12.511253257521915,2713,40.98267600442315,57.31939163498099,36.84139054861488,-0.16989751843457243,0.55652737648592
63,CIU,Chippewa County International Airport,Sault Ste. Marie,MI,46.25075,-84.47239,8.22052067381317,670,0.012269433841512193,340,-10.941176470588236,291,31.230240549828178,50.74626865671642,43.43283582089552,-1.6330114135206322,4.661229932810175
64,CLD,McClellan-Palomar Airport,San Diego,CA,33.12723,-117.27873000000001,5.240445859872612,641,0.008175422558303606,385,-8.709090909090909,225,29.52888888888889,60.06240249609984,35.101404056162245,-1.3586725287193306,4.606690934304039
65,CLE,Cleveland Hopkins International Airport,Cleveland,OH,41.41089,-81.8494,2.625530878891985,37813,6.943460923206265e-05,24374,-14.159719373102487,11836,37.35949645150389,64.459312934705,31.301404278951683,-0.03744669656758915,0.09880066763151268
66,CLL,Easterwood Airport,College Station,TX,30.588590000000003,-96.36381999999999,2.031430934656741,2534,0.0008016696663996611,1664,-11.493990384615385,690,34.83768115942029,65.66692975532754,27.229676400947117,-0.4535907807661952,1.3748098326527345
67,CLT,Charlotte Douglas International Airport,Charlotte,NC,35.21400999999999,-80.94313000000002,5.479844432565941,109811,4.990250915268908e-05,61017,-11.210105380467738,44935,28.454500945810615,55.5654715829926,40.92030853011083,-0.010208545027791149,0.02591225008952711
68,CMH,Port Columbus International Airport,Columbus,OH,39.99799,-82.89188,3.098698270837381,26375,0.0001174861903635026,17069,-13.97592126076513,8204,38.79814724524622,64.71658767772513,31.10521327014218,-0.05298927492233225,0.14710198007676292
69,CMI,University of Illinois - Willard Airport,Champaign/Urbana,IL,40.03925,-88.27806,2.9954524783992724,2322,0.0012900312137809097,1530,-15.687581699346405,634,48.24763406940063,65.89147286821705,27.304048234280792,-0.6756064470002758,2.077848151136978
70,CMX,Houghton County Memorial Airport,Hancock,MI,47.16842000000001,-88.48906,4.742268041237113,730,0.006496257590735772,441,-12.374149659863946,220,39.44090909090909,60.41095890410959,30.136986301369863,-1.6950889945019105,5.402864259028642
71,CNY,Canyonlands Field,Moab,UT,38.75496,-109.75483999999999,-20.678048780487806,206,-0.10037887757518353,197,-22.441624365482234,8,22.75,95.63106796116504,3.8834951456310676,-10.893992410428268,11.04368932038835
72,COD,Yellowstone Regional Airport,Cody,WY,44.52019,-109.0238,8.146842878120411,696,0.011705234020287947,337,-11.201780415430267,331,28.16616314199396,48.41954022988506,47.55747126436782,-1.6094512091135442,4.04686252040143
73,COS,City of Colorado Springs Municipal Airport,Colorado Springs,CO,38.80581,-104.70025,7.22530612244898,7491,0.0009645315875649419,4493,-11.56265301580236,2692,39.02563150074294,59.97864103590976,35.93645708183153,-0.15435393159527913,0.5209669136396067
74,COU,Columbia Regional Airport,Columbia,MO,38.81809000000001,-92.21963000000001,10.80058651026393,1431,0.007547579671742788,850,-14.118823529411765,486,55.00617283950617,59.399021663172604,33.9622641509434,-0.9866403584494594,3.843897473061228
75,CPR,Natrona County International Airport,Casper,WY,42.908359999999995,-106.46446999999999,-4.617224880382775,1912,-0.002414866569237853,1423,-15.590302178496135,430,31.3953488372093,74.42468619246861,22.489539748953973,-0.8153923733523083,1.6420161525737083
76,CRP,Corpus Christi International Airport,Corpus Christi,TX,27.770359999999997,-97.50121999999999,6.520394088669951,5254,0.0012410342764883804,3167,-10.39185348910641,1777,37.14237478897017,60.27788351732014,33.821850019033114,-0.19778936979646766,0.7069351882179326
77,CRW,Yeager Airport,Charleston,WV,38.37315,-81.59319,10.075620322961797,2609,0.0038618705722352612,1359,-10.95879323031641,1120,36.138392857142854,52.088922958988114,42.92832502874664,-0.4200380693873672,1.3851434594535397
78,CSG,Columbus Metropolitan Airport,Columbus,GA,32.516329999999996,-84.93885999999998,4.349829351535837,1180,0.0036862960606235903,720,-9.909722222222221,421,29.057007125890735,61.016949152542374,35.67796610169491,-0.8398069679849339,2.4624582310076892
79,CVG,Cincinnati/Northern Kentucky International Airport,Covington,KY,39.04614,-84.66216999999997,5.2444080486663545,21950,0.00023892519583901386,13413,-12.793558488033996,7531,37.66737485061745,61.10706150341686,34.30979498861048,-0.058285004501293834,0.17160535239461253
80,CWA,Central Wisconsin Airport,Mosinee,WI,44.77762,-89.66678,3.6088977423638777,1565,0.002306004947197366,1018,-12.851669941060903,454,40.78854625550661,65.04792332268372,29.009584664536742,-0.82119296747993,2.6062968853358854
81,DAB,Daytona Beach International Airport,Daytona Beach,FL,29.17992000000001,-81.05806,-0.859190031152648,1613,-0.00053266585936308,1210,-11.464462809917356,369,33.856368563685635,75.0154990700558,22.876627402355858,-0.7107540489719377,2.0989689128137408
82,DAL,Dallas Love Field,Dallas,TX,32.84711,-96.85177,7.73279907700463,65203,0.00011859575597755672,33852,-9.438881011461657,28494,28.620025268477573,51.91785654034323,43.70044323113967,-0.014476145286967864,0.043893724626899944
83,DAY,James M. Cox Dayton International Airport,Dayton,OH,39.90238,-84.21938,3.7381945969690316,9429,0.0003964571637468482,5769,-13.206274917663373,3161,34.87092692186017,61.18358256442888,33.5242337469509,-0.14006018578495463,0.36982635403393965
84,DBQ,Dubuque Regional Airport,Dubuque,IA,42.40296,-90.70917,1.0481171548117154,1015,0.001032627738730754,690,-15.152173913043478,249,46.01204819277108,67.98029556650246,24.532019704433498,-1.492825016063397,4.533206718499614
85,DCA,Ronald Reagan Washington National Airport,Arlington,VA,38.85208,-77.03772,2.755784849568371,80582,3.4198516412702226e-05,50457,-14.437065223853974,26334,35.85672514619883,62.615720632399295,32.679754783946784,-0.01791599268304829,0.044497189380008975
86,DEN,Denver International Airport,Denver,CO,39.85841,-104.667,6.472726325806894,213916,3.0258261774747536e-05,120562,-11.778910436124152,85941,32.4315518786144,56.35950560032909,40.175115465883806,-0.005506325116458868,0.015160881784725966
87,DFW,Dallas/Fort Worth International Airport,Dallas-Fort Worth,TX,32.89595,-97.0372,6.418505583001412,260161,2.4671282717245907e-05,148720,-11.798991393222163,98533,34.27764302314961,57.16460191958057,37.873855035920066,-0.0045352652369963845,0.013175550149003736
88,DHN,Dothan Regional Airport,Dothan,AL,31.32134000000001,-85.44963,9.024246877296106,1378,0.006548800346368727,741,-9.211875843454791,583,32.77530017152659,53.77358490566038,42.30769230769231,-0.6684960699168934,2.3784688078030904
89,DIK,Dickinson Theodore Roosevelt Regional Airport,Dickinson,ND,46.79739,-102.80195,-4.297242083758937,999,-0.004301543627386324,767,-16.989569752281618,200,44.12,76.77677677677679,20.02002002002002,-1.7006576328610228,4.416416416416416
90,DLG,Dillingham Airport,Dillingham,AK,59.04541,-158.50333999999995,-7.87012987012987,77,-0.10220947883285546,59,-16.864406779661017,17,22.88235294117647,76.62337662337663,22.07792207792208,-21.90182698657275,29.717341482047367
91,DLH,Duluth International Airport,Duluth,MN,46.84209,-92.19365,9.45945945945946,1942,0.004870988393130515,969,-10.234262125902992,881,31.51759364358683,49.89701338825952,45.365602471678685,-0.5269959900053034,1.62294508978305
92,DRO,Durango-La Plata County Airport,Durango,CO,37.15152,-107.75376999999999,6.022789425706472,2246,0.0026815625225763457,1340,-11.758955223880598,803,36.07845579078456,59.661620658949246,35.75244879786287,-0.5235509894871148,1.6063426442913875
93,DSM,Des Moines International Airport,Des Moines,IA,41.534929999999996,-93.66068,6.21637891867333,9095,0.000683494108705149,5569,-13.329861734602263,3061,42.131002940215616,61.23144584936778,33.65585486531061,-0.1465625259439501,0.4632325776824147
94,DTW,Detroit Metropolitan Airport,Detroit,MI,42.21206,-83.34884,3.2223211229031152,118391,2.7217618931364e-05,75320,-12.934944237918216,39100,34.54618925831202,63.61970082185301,33.02615908303841,-0.01092561447907207,0.029179742766183254
95,DVL,Devils Lake Regional Airport,Devils Lake,ND,48.11425,-98.90878000000001,2.2315175097276265,574,0.0038876611667728687,319,-12.231974921630094,181,27.895027624309392,55.57491289198606,31.53310104529617,-2.131006083907682,4.859760910158431
96,EAU,Chippewa Valley Regional Airport,Eau Claire,WI,44.86526,-91.48507,5.941091954022989,730,0.008138482128798615,447,-13.102908277404921,232,43.06896551724138,61.23287671232877,31.780821917808222,-1.7949189421102634,5.899858290033066
97,ECP,Northwest Florida Beaches International Airport,Panama City,FL,30.35531,-85.79911,0.09572346554398405,4545,2.1061268546531143e-05,3394,-11.876252209781969,1032,39.47674418604651,74.67546754675467,22.706270627062704,-0.26130367898310164,0.8685752296159848
98,EGE,Eagle County Regional Airport,Eagle,CO,39.64257,-106.9177,12.306988352745424,1245,0.009885131207024438,721,-15.063800277392511,466,55.05150214592275,57.91164658634538,37.42971887550201,-1.2099437973809246,4.421807401278936
99,EKO,Elko Regional Airport,Elko,NV,40.82493,-115.7917,-3.312280701754386,584,-0.005671713530401346,434,-12.28110599078341,124,27.758064516129032,74.31506849315068,21.232876712328768,-2.1029291080108576,4.75309323906319
100,ELM,Elmira/Corning Regional Airport,Elmira,NY,42.159909999999996,-76.89144,5.495004541326067,2246,0.0024465737049537252,1292,-11.793343653250774,852,32.08568075117371,57.52448797862867,37.93410507569012,-0.5250820860752794,1.4285699354930415
101,ELP,El Paso International Airport,El Paso,TX,31.80667,-106.37781000000001,4.745065789473684,12939,0.0003667258512615878,7823,-10.021219481017512,4574,30.385002186270224,60.46062292294613,35.350490764355825,-0.07744972162468129,0.23483269330141607
102,ERI,Erie International Airport,Erie,PA,42.08202,-80.17622,7.705882352941177,803,0.009596366566551901,450,-10.88,298,36.211409395973156,56.039850560398506,37.11083437110834,-1.3549190535491906,4.50951549140388
103,ESC,Delta County Airport,Escanaba,MI,45.72267,-87.09373000000002,2.83993399339934,626,0.004536635772203418,452,-12.170353982300885,139,51.9568345323741,72.20447284345049,22.20447284345048,-1.9441460035624418,8.299813823062955
104,EUG,Eugene Airport (Mahlon Sweet Field),Eugene,OR,44.123259999999995,-123.21869,3.243110996652073,3960,0.0008189674233969881,2600,-12.955769230769231,1193,38.79128248113998,65.65656565656566,30.12626262626263,-0.32716588966588966,0.9795778404328277
105,EVV,Evansville Regional Airport,Evansville,IN,38.03799,-87.53063,6.189129904947599,4233,0.001462114317256697,2554,-14.01840250587314,1474,41.51763907734057,60.33545948499882,34.82163949917316,-0.331169442614532,0.9808088607923593
106,EWN,Coastal Carolina Regional Airport (Craven County Regional),New Bern,NC,35.07297,-77.04294,5.358064516129033,630,0.008504864311315925,371,-9.110512129380053,227,29.524229074889867,58.88888888888889,36.03174603174603,-1.4461130364095323,4.686385567442836
107,EWR,Newark Liberty International Airport,Newark,NJ,40.6925,-74.16866,3.929040040829583,111308,3.529881087459646e-05,67395,-16.283745084946954,38640,39.35962732919255,60.54820857440615,34.71448593093039,-0.01462944719602091,0.0353610048955983
108,EYW,Key West International Airport,Key West,FL,24.55611,-81.75956,2.1688187470109996,2124,0.0010211011049957625,1502,-11.705059920106525,542,40.80442804428044,70.71563088512242,25.51789077212806,-0.5510856836208344,1.9211124314632975
109,FAI,Fairbanks International Airport,Fairbanks,AK,64.81368,-147.85967,0.4230277185501066,2360,0.00017924903328394348,1546,-13.386157826649418,745,29.110067114093958,65.5084745762712,31.56779661016949,-0.5672100774003991,1.233477420088727
110,FAR,Hector International Airport,Fargo,ND,46.91935,-96.81499000000001,3.9899802890932983,6220,0.0006414759307223952,3832,-13.75991649269311,2134,36.09137769447048,61.60771704180065,34.30868167202573,-0.22122052239056444,0.5802472298146379
111,FAT,Fresno Yosemite International Airport,Fresno,CA,36.77619,-119.71813999999999,8.406361356737495,7674,0.0010954341095566191,4343,-10.49228643794612,3024,36.13194444444444,56.59369298931457,39.405785770132916,-0.13672512950151317,0.4708358671415747
112,FAY,Fayetteville Regional Airport,Fayetteville,NC,34.99147,-78.88,5.759931895573212,1783,0.0032304721792334335,1106,-11.05515370705244,601,37.23128119800333,62.03028603477285,33.70723499719574,-0.62003105479823,2.0881256981493737
113,FCA,Glacier Park International Airport,Kalispell,MT,48.3114,-114.25506999999999,-2.739027843322322,2148,-0.0012751526272450288,1520,-13.803289473684211,546,27.796703296703296,70.7635009310987,25.41899441340782,-0.6426112417916299,1.2940737102748276
114,FLG,Flagstaff Pulliam Airport,Flagstaff,AZ,35.13845,-111.67121999999999,6.211211778029445,1818,0.0034165081287290677,957,-9.893416927899686,754,27.104774535809018,52.64026402640264,41.47414741474147,-0.5441923502695097,1.4909116906385598
115,FLL,Fort Lauderdale-Hollywood International Airport,Ft. Lauderdale,FL,26.07258,-80.15275,3.445115875003194,79374,4.340358146248386e-05,50290,-13.848260091469477,26509,36.443924704817235,63.35827852949328,33.39758611132109,-0.01744684668968362,0.04591418437374611
116,FNT,Bishop International Airport,Flint,MI,42.9655,-83.74346,-2.1987700853005356,5159,-0.00042620083064557777,3646,-14.82556226001097,1312,32.7515243902439,70.67261097111843,25.43128513277767,-0.2873727904634807,0.6348424964187614
117,FSD,Sioux Falls Regional Airport,Sioux Falls,SD,43.58135,-96.7417,8.646544025718878,5776,0.0014969778437878944,3235,-11.921174652241113,2238,38.86371760500447,56.007617728531855,38.74653739612188,-0.20639152791276164,0.6728482964855345
118,FSM,Fort Smith Regional Airport,Fort Smith,AR,35.33659,-94.36744,5.68953934740883,2151,0.0026450671071170757,1332,-12.496246246246246,713,39.97475455820477,61.92468619246861,33.14737331473733,-0.5809505460830425,1.8584265252535925
119,FWA,Fort Wayne International Airport,Fort Wayne,IN,40.97847,-85.19515,6.345142243692968,5772,0.0010992969930167997,3402,-12.980893592004703,2053,38.78421821724306,58.939708939708936,35.56826056826057,-0.22489420637568786,0.6719372525509885
120,GCC,Gillette-Campbell County Airport,Gillette,WY,44.3489,-105.53936000000002,-4.55607476635514,1085,-0.0041991472500969036,818,-14.790953545232274,234,30.871794871794872,75.39170506912443,21.566820276497694,-1.3632215249062003,2.8453267162944584
121,GCK,Garden City Regional Airport,Garden City,KS,37.92752,-100.72440999999999,4.483500717360115,725,0.00618413892049671,453,-14.562913907284768,237,41.0210970464135,62.48275862068966,32.689655172413794,-2.00867778031514,5.6580823512294485
122,GEG,Spokane International Airport,Spokane,WA,47.619859999999996,-117.53383999999998,2.6739405747686313,10333,0.0002587767903579436,6597,-10.924056389267848,3401,29.260217583063806,63.8439949675796,32.91396496661182,-0.10572008506017468,0.2831725305628937
123,GFK,Grand Forks International Airport,Grand Forks,ND,47.949259999999995,-97.17611,4.240049751243781,807,0.005254088911082752,475,-10.115789473684211,309,26.58252427184466,58.85997521685255,38.28996282527881,-1.2535055109893696,3.2939930944045432
124,GGG,East Texas Regional Airport,Longview,TX,32.384859999999996,-94.71171,8.907324364723468,702,0.012688496246044827,372,-9.61021505376344,283,33.68904593639576,52.991452991452995,40.313390313390315,-1.3689765033851053,4.799009392648968
125,GJT,Grand Junction Regional Airport (Walker Field),Grand Junction,CO,39.122409999999995,-108.52673,1.5103244837758112,3450,0.0004377752126886409,2307,-11.865192891200694,1014,32.044378698224854,66.8695652173913,29.391304347826086,-0.3439186345275564,0.9288225709630393
126,GNV,Gainesville Regional Airport,Gainesville,FL,29.69006,-82.27178,7.771697455559428,2917,0.0026642774959065576,1669,-9.837627321749551,1132,34.20141342756184,57.216318135070274,38.806993486458694,-0.3372515365700909,1.172485890557485
127,GPT,Gulfport-Biloxi International Airport,Gulfport-Biloxi,MS,30.40728,-89.07009000000002,1.3599369913363086,3909,0.00034789894892205386,2623,-12.593213877239801,1108,34.48736462093863,67.10156050140701,28.344845228958814,-0.32215947498694814,0.8822554264757899
128,GRB,Green Bay-Austin Straubel International Airport,Green Bay,WI,44.48507,-88.12959000000002,3.613479262672811,5370,0.0006729011662332981,3226,-12.020148791072536,1853,31.08256880733945,60.07448789571694,34.506517690875235,-0.22383889741289636,0.5788187859839748
129,GRI,Central Nebraska Regional Airport,Grand Island,NE,40.96747,-98.30861,-0.27492447129909364,691,-0.00039786464732140904,478,-16.110878661087867,172,43.71511627906977,69.17510853835022,24.891461649782922,-2.3315309205626433,6.326355467303873
130,GRK,Killeen-Fort Hood Regional Airport,Killeen,TX,31.0649,-97.8278,5.0049645390070925,4404,0.0011364587963231363,2747,-12.30833636694576,1391,39.52695902228613,62.37511353315168,31.584922797456855,-0.27948084393609807,0.8975240468275688
131,GRR,Gerald R. Ford International Airport,Grand Rapids,MI,42.88082,-85.52277,1.607694320858414,11773,0.0001365577440634005,7792,-14.588424024640657,3468,38.0916955017301,66.18533933576828,29.45723265098106,-0.12391424466695539,0.32355130809250066
132,GSO,Piedmont Triad International Airport,Greensboro,NC,36.09775,-79.9373,5.542593905031892,7335,0.0007556365242033937,4464,-13.590725806451612,2425,41.14309278350515,60.858895705521476,33.06066802999318,-0.18528596873144665,0.5609146937083185
133,GSP,Greenville-Spartanburg International Airport,Greer,SC,34.89567,-82.21885999999998,2.655866400228376,7173,0.0003702588038796007,4560,-11.684649122807018,2275,31.599560439560438,63.571727310748635,31.716157814024815,-0.16289765959580396,0.4405347893428195
134,GST,Gustavus Airport,Gustavus,AK,58.424380000000006,-135.70738,21.763157894736842,77,0.2826384142173616,25,-7.72,51,36.21568627450981,32.467532467532465,66.23376623376623,-10.025974025974026,47.03335879806468
135,GTF,Great Falls International Airport,Great Falls,MT,47.482,-111.37069,-1.2282099343955013,2156,-0.000569670656027598,1510,-12.972185430463576,557,30.461400359066428,70.03710575139146,25.834879406307977,-0.6016783594834683,1.4128664359492777
136,GTR,Golden Triangle Regional Airport,Columbus-Starkville-West Point,MS,33.45033,-88.59137,7.681,1015,0.007567487684729064,585,-8.582905982905983,392,32.4030612244898,57.635467980295566,38.62068965517241,-0.8456065007789145,3.192419825072886
137,GUC,Gunnison-Crested Butte Regional Airport,Gunnison,CO,38.53396,-106.93318000000001,8.625,497,0.017354124748490945,279,-15.172043010752688,189,43.93650793650794,56.13682092555332,38.028169014084504,-3.052724951861708,8.840343649196768
138,GUM,Guam International Airport,Agana,GU,13.48345,-144.79598000000001,4.575,365,0.012534246575342467,199,-14.256281407035177,151,29.695364238410598,54.52054794520548,41.369863013698634,-3.9058305224753913,8.135716229701535
139,HDN,Yampa Valley Airport (Yampa Valley Regional),Hayden,CO,40.48118,-107.21766000000001,8.157223796033994,723,0.011282467214431527,430,-15.534883720930232,262,47.47709923664122,59.47441217150761,36.23789764868603,-2.14866994756988,6.5666803923431845
140,HIB,Range Regional Airport (Chisholm-Hibbing Airport),Hibbing,MN,47.3866,-92.83899,-1.2622268470343392,982,-0.0012853633880186754,659,-16.608497723823977,281,34.63345195729537,67.10794297352342,28.615071283095723,-1.6912930472325842,3.5268281015575735
141,HLN,Helena Regional Airport,Helena,MT,46.60682,-111.98275,-2.1455128205128204,1576,-0.0013613660028634648,1144,-12.214160839160838,378,28.11111111111111,72.58883248730965,23.98477157360406,-0.77501020553051,1.7836999435984207
142,HNL,Honolulu International Airport,Honolulu,HI,21.31869,-157.92241,0.5786284711071146,46952,1.2323830105365363e-05,28303,-10.170617955693743,16593,18.976978243837763,60.28071221673198,35.3403475890271,-0.02166173529496878,0.040417827235980926
143,HOB,Lea County Regional Airport,Hobbs,NM,32.687529999999995,-103.21703000000001,2.756666666666667,624,0.004417735042735043,426,-13.244131455399062,162,45.03703703703704,68.26923076923077,25.961538461538463,-2.12245696400626,7.21747388414055
144,HOU,William P. Hobby Airport,Houston,TX,29.64542,-95.27889,7.166540988904449,56641,0.00012652567908236876,30670,-9.704629931529182,23532,29.61087030426653,54.1480552956339,41.5458766617821,-0.01713357802921767,0.05227815593698298
145,HPN,Westchester County Airport,White Plains,NY,41.066959999999995,-73.70756999999998,9.087898089171974,8164,0.001113167330863789,4416,-14.512001811594203,3278,41.31330079316656,54.09113179813817,40.15188633023028,-0.1777560241498555,0.5060423909011093
146,HRL,Valley International Airport,Harlingen,TX,26.228509999999996,-97.65439,1.3696581196581197,3340,0.00041007728133476637,2298,-9.600087032201914,901,29.46503884572697,68.80239520958084,26.97604790419162,-0.28742775545514715,0.8821867917882327
147,HSV,Huntsville International Airport,Huntsville,AL,34.64045,-86.77311,2.904821280133001,4909,0.0005917338113939705,3204,-12.967228464419476,1503,36.94278110445775,65.26787533102465,30.617233652475047,-0.2641521382036968,0.7525520697587645
148,HYA,Barnstable Municipal Airport,Hyannis,MA,41.66934000000001,-70.28036,8.621951219512194,83,0.10387893035556861,60,-19.033333333333335,21,88.04761904761905,72.28915662650603,25.301204819277107,-22.931726907630523,106.08146873207114
149,HYS,Hays Regional Airport,Hays,KS,38.84494,-99.27403000000001,2.6721311475409837,626,0.0042685801078929456,385,-11.166233766233766,211,28.099526066350712,61.50159744408946,33.70607028753994,-1.7837434131363843,4.488742183123117
150,IAD,Washington Dulles International Airport,Chantilly,VA,38.94453,-77.45581,4.505377224587837,37294,0.00012080702591805217,23067,-15.478865912342307,12920,40.4109907120743,61.851772403067514,34.64364240896659,-0.041504976436805674,0.10835788789637557
151,IAG,Niagara Falls International Airport,Niagara Falls,NY,43.10726,-78.94538,3.7005988023952097,344,0.01075755465812561,191,-18.42931937172775,136,34.970588235294116,55.52325581395349,39.53488372093023,-5.357360282478997,10.165868673050616
152,IAH,George Bush Intercontinental Airport,Houston,TX,29.98047,-95.33972,6.920385515135676,159595,4.3362169962315085e-05,89034,-11.400903025810365,64018,32.814911431159985,55.78746201322097,40.11278548826718,-0.00714364674695972,0.02056136560115291
153,ICT,Wichita Dwight D. Eisenhower National Airport (Wichita Mid-Continent Airport),Wichita,KS,37.64996,-97.43305,6.240574296719972,8794,0.0007096400155469606,5359,-12.152827019966411,3005,39.46422628951747,60.93927677962247,34.171025699340454,-0.13819453058865602,0.4487630917616269
154,IDA,Idaho Falls Regional Airport,Idaho Falls,ID,43.514559999999996,-112.07016999999999,-2.530502885408079,2448,-0.0010337021590719278,1788,-13.2086129753915,598,29.22742474916388,73.0392156862745,24.4281045751634,-0.5395675235045547,1.1939307495573481
155,ILG,Wilmington Airport,Wilmington,DE,39.67872,-75.60653,24.063157894736843,100,0.24063157894736842,39,-19.128205128205128,53,57.20754716981132,39.0,53.0,-19.128205128205128,57.20754716981132
156,ILM,Wilmington International Airport,Wilmington,NC,34.27061,-77.90256,3.439571150097466,2075,0.0016576246506493813,1377,-10.88961510530138,620,35.56935483870968,66.36144578313254,29.87951807228916,-0.5248007279663315,1.7141857753595027
157,IMT,Ford Airport,Iron Mountain/Kingsford,MI,45.81835,-88.11454,-1.3806646525679758,678,-0.0020363785436105838,479,-14.116910229645095,170,34.4,70.64896755162242,25.073746312684364,-2.082140151865058,5.073746312684365
158,IND,Indianapolis International Airport,Indianapolis,IN,39.71733,-86.29438,1.8575650333831952,27931,6.650549688099944e-05,18326,-13.908381534431955,8560,35.72418224299066,65.61168594035301,30.646951415989403,-0.04979550153747433,0.1279015511187951
159,INL,Falls International Airport,International Falls,MN,48.56619,-93.40307,5.161184210526316,627,0.008231553764794763,396,-11.545454545454545,198,38.93939393939394,63.1578947368421,31.57894736842105,-1.8413803102798318,6.210429655405732
160,ISN,Sloulin Field International Airport,Williston,ND,48.17794,-103.64235,0.4972211930344572,2763,0.00017995700073632182,1851,-16.690437601296598,801,40.24469413233458,66.99239956568947,28.990228013029316,-0.6040694028699456,1.4565578766679181
161,ISP,Long Island MacArthur Airport,Islip,NY,40.79524,-73.10021,1.8562119895742832,4758,0.0003901244198348641,3041,-13.812890496547189,1479,34.179175118323194,63.91340899537621,31.084489281210594,-0.29030875360544744,0.7183517259000252
162,ITH,Ithaca Tompkins Regional Airport,Ithaca,NY,42.49103,-76.45844,7.9,34,0.2323529411764706,14,-14.0,14,30.928571428571427,41.17647058823529,41.17647058823529,-41.17647058823529,90.96638655462185
163,ITO,Hilo International Airport,Hilo,HI,19.72026,-155.04847,0.20850104653034937,6226,3.3488764299767005e-05,3968,-7.104334677419355,1991,14.809141135107986,63.732733697398004,31.978798586572438,-0.11410752774525144,0.23785963917616423
164,JAC,Jackson Hole Airport,Jackson,WY,43.60732,-110.73773999999999,2.159078289838978,3669,0.0005884650558296479,2522,-15.565820777160983,1025,45.886829268292686,68.73807576996457,27.93676751158354,-0.4242524060278273,1.2506631035239217
165,JAN,Jackson-Evers International Airport,Jackson,MS,32.311170000000004,-90.07589,3.513116057233704,7751,0.0004532468142476718,4940,-13.1,2461,37.07070296627387,63.73371177912528,31.750741839762615,-0.169010450264482,0.47826993892754316
166,JAX,Jacksonville International Airport,Jacksonville,FL,30.494059999999998,-81.68786,3.2917650682821646,19750,0.00016667164902694505,12845,-12.101440249124172,6272,35.00637755102041,65.0379746835443,31.756962025316454,-0.06127311518543885,0.1772474812709894
167,JFK,John F. Kennedy International Airport (New York International Airport),New York,NY,40.63975,-73.77893,3.1818792282635933,101964,3.120590824470983e-05,62332,-18.211111467624978,35949,40.407438315391246,61.131379702640146,35.25656113922561,-0.017860334498082636,0.0396291223523903
168,JLN,Joplin Regional Airport,Joplin,MO,37.15181,-94.49826999999999,7.983988355167394,724,0.011027608225369329,402,-10.950248756218905,268,36.89179104477612,55.52486187845304,37.01657458563536,-1.5124652978202906,5.095551249278469
169,JMS,Jamestown Regional Airport,Jamestown,ND,46.92972,-98.6782,2.0488997555012225,887,0.002309920806653013,528,-16.515151515151516,276,37.666666666666664,59.52649379932357,31.116121758737318,-1.861911106555977,4.246523863209319
170,JNU,Juneau International Airport,Juneau,AK,58.35496,-134.57628,5.5512497133684935,4430,0.0012531037727694116,2510,-11.421115537848605,1751,30.197601370645344,56.659142212189614,39.52595936794582,-0.25781299182502493,0.6816614304886082
171,KOA,Kona International Airport at Keahole,Kailua/Kona,HI,19.738770000000002,-156.04563000000005,-0.3914128806789815,12081,-3.239904649275569e-05,7550,-10.801456953642385,3995,19.235794743429288,62.49482658720304,33.06845459812929,-0.08940863300755222,0.15922353069637687
172,KTN,Ketchikan International Airport,Ketchikan,AK,55.35556999999999,-131.71374,3.2533441426834213,2505,0.0012987401767199287,1459,-13.161754626456476,949,28.692307692307693,58.24351297405189,37.88423153692615,-0.525419346365528,1.1454015046829418
173,LAN,Capital Region International Airport ( Lansing Capital City),Lansing,MI,42.7787,-84.58736,5.659237246161466,2071,0.0027326109348920647,1251,-12.096722621902478,727,36.53232462173315,60.405601158860456,35.10381458232738,-0.5841005611734659,1.7639944288620548
174,LAR,Laramie Regional Airport,Laramie,WY,41.31205,-105.67499,-4.332236842105263,634,-0.0068331811389672915,456,-16.56798245614035,142,34.65492957746479,71.92429022082018,22.397476340694006,-2.613246444186175,5.466077220420314
175,LAS,McCarran International Airport,Las Vegas,NV,36.08036,-115.15233,5.656050779059868,145747,3.880732213397098e-05,84460,-11.636265687899597,56831,31.6714997096655,57.94973481443871,38.9929123755549,-0.007983880071562088,0.021730464235741046
176,LAW,Lawton-Fort Sill Regional Airport,Lawton,OK,34.56771,-98.41664,6.5040590405904055,1455,0.00447014367050887,886,-12.256207674943566,445,44.20674157303371,60.893470790378004,30.584192439862544,-0.8423510429514478,3.038264025638056
177,LAX,Los Angeles International Airport,Los Angeles,CA,33.94254,-118.40807,5.289751401529983,212175,2.4931077655378736e-05,118907,-12.343554206228397,85511,30.118733262387295,56.04194650642158,40.3021091080476,-0.00581762894131184,0.014195231889896215
178,LBB,Lubbock Preston Smith International Airport,Lubbock,TX,33.66364,-101.82278000000001,6.46441793500617,5047,0.0012808436566289223,3051,-9.383480825958703,1680,35.74940476190476,60.451753516940755,33.287101248266296,-0.18592195018741237,0.7083297951635579
179,LBE,Arnold Palmer Regional Airport,Latrobe,PA,40.27594000000001,-79.4048,7.203676470588236,1398,0.005152844399562401,828,-15.155797101449275,510,43.8156862745098,59.227467811158796,36.48068669527897,-1.0841056581866435,3.134169261409857
180,LCH,Lake Charles Regional Airport,Lake Charles,LA,30.1261,-93.2234,0.03763171098845961,2058,1.82855738525071e-05,1445,-13.355709342560553,514,37.69260700389105,70.21379980563654,24.9757045675413,-0.6489654685403573,1.8315163753105466
181,LEX,Blue Grass Airport,Lexington,KY,38.036970000000004,-84.60539,2.226973684210526,6566,0.00033916748160379626,4339,-13.78958285319198,1926,38.44755970924195,66.0828510508681,29.332927200731042,-0.21001496882716997,0.5855552803722502
182,LFT,Lafayette Regional Airport,Lafayette,LA,30.20528,-91.98765999999999,7.12656595431098,5580,0.0012771623574034015,3223,-11.584858827179646,2073,36.671972986010616,57.759856630824366,37.1505376344086,-0.20761395747633773,0.6572038169535953
183,LGA,LaGuardia Airport (Marine Air Terminal),New York,NY,40.77724,-73.87261,5.043357442317561,108195,4.661359066793808e-05,63015,-18.21713877648179,38778,43.03563876424777,58.24206294191045,35.84084292250104,-0.016837320371996662,0.03977599590022438
184,LGB,Long Beach Airport (Daugherty Field),Long Beach,CA,33.81772,-118.15161,4.003175947491002,9520,0.00042050167515661783,5961,-11.071800033551417,3268,31.766523867809056,62.615546218487395,34.32773109243698,-0.11630042052049809,0.33368197340135564
185,LIH,Lihue Airport,Lihue,HI,21.97598,-159.33896000000001,-1.0581610206775187,11426,-9.2609926542755e-05,7324,-11.230748225013654,3688,19.042299349240782,64.09942237003325,32.27726238403641,-0.09829116248042757,0.16665761726974254
186,LIT,Bill and Hillary Clinton National Airport (Adams Field),Little Rock,AR,34.7294,-92.22425,5.26049968657652,11470,0.0004586311845315188,7042,-12.585629082646975,3914,37.65252938170669,61.394943330427196,34.12380122057541,-0.10972649592543135,0.32826965459203744
187,LNK,Lincoln Airport (Lincoln Municipal),Lincoln,NE,40.850970000000004,-96.75925,4.08140350877193,2924,0.0013958288333693332,1807,-11.898173768677365,975,33.98153846153846,61.79890560875513,33.34473324213406,-0.40691428757446524,1.1621593181100704
188,LRD,Laredo International Airport,Laredo,TX,27.543740000000003,-99.46154,2.391566265060241,2405,0.0009944142474262957,1570,-12.37515923566879,706,35.392351274787536,65.28066528066529,29.35550935550936,-0.5145596355787438,1.4716154376211033
189,LSE,La Crosse Regional Airport,La Crosse,WI,43.87938,-91.25654,1.8980526918671248,1811,0.001048068852494271,1269,-15.08589440504334,451,49.7960088691796,70.07178354500276,24.903368304803976,-0.8330145999471751,2.7496415720143346
190,LWS,Lewiston-Nez Perce County Airport,Lewiston,ID,46.3745,-117.01539,-6.889235569422777,641,-0.010747637393795284,519,-12.1252408477842,104,18.048076923076923,80.96723868954759,16.22464898595944,-1.8916132367838063,2.8156126245049804
191,MAF,Midland International Airport,Midland,TX,31.942529999999998,-102.20191,5.494135645079042,8127,0.0006760349015724181,4899,-10.45172484180445,2742,34.39059080962801,60.28054632705796,33.73938722775932,-0.12860495683283438,0.42316464635939477
192,MBS,MBS International Airport,Saginaw,MI,43.53291,-84.07965,4.908584169453735,1863,0.002634774111354662,1175,-14.003404255319149,588,42.95918367346939,63.0703166935051,31.561996779388085,-0.7516588435490686,2.305914314195888
193,MCI,Kansas City International Airport,Kansas City,MO,39.29761,-94.71391,3.638177801258345,42220,8.617190434055767e-05,26341,-11.451045898029687,14349,31.5794131995261,62.389862624348645,33.986262434865,-0.02712232567036875,0.07479728375065396
194,MCO,Orlando International Airport,Orlando,FL,28.42889000000001,-81.31603,6.407204834734461,119963,5.3409841657298174e-05,72043,-12.130824646391739,43912,37.188946073966115,60.05435009127814,36.60461975775864,-0.010112138448014587,0.03100034683524596
195,MDT,Harrisburg International Airport,Harrisburg,PA,40.1935,-76.7634,1.6512160228898427,3570,0.0004625254966077991,2505,-14.672255489021957,931,45.67669172932331,70.16806722689076,26.078431372549023,-0.41098754871209964,1.2794591520818854
196,MDW,Chicago Midway International Airport,Chicago,IL,41.78598,-87.75242,5.286821345707657,88416,5.979484873447857e-05,50301,-12.073815629907955,34028,31.240419654402256,56.891286644951144,38.48624683315237,-0.013655690859016419,0.03533344604415745
197,MEI,Meridian Regional Airport,Meridian,MS,32.33313,-88.75121,7.949484536082474,991,0.008021679652959105,603,-14.437810945273633,351,46.77207977207977,60.84762865792129,35.418768920282545,-1.45689313272186,4.719685143499473
198,MEM,Memphis International Airport,Memphis,TN,35.04242,-89.97667,3.7824554779434902,16290,0.0002321949341892873,10379,-13.022160131033818,5203,37.529117816644245,63.713934929404545,31.939840392879066,-0.07993959564784418,0.23038132484127835
199,MFE,McAllen-Miller International Airport (McAllen Miller International),McAllen,TX,26.175829999999998,-98.23861,3.710921985815603,3649,0.0010169695768198418,2463,-11.817701989443767,991,42.571140262361254,67.49794464236777,27.15812551383941,-0.3238613863919914,1.1666522406785764
200,MFR,Rogue Valley International Airport,Medford,OR,42.37423,-122.8735,3.9891385767790264,2719,0.0014671344526587078,1802,-12.880688124306326,822,41.194647201946474,66.27436557557925,30.231702831923503,-0.4737288754801885,1.5150660979016726
201,MGM,Montgomery Regional Airport,Montgomery,AL,32.30064,-86.39398,6.945486518171161,3480,0.0019958294592445865,1953,-11.083973374295955,1381,32.83490224475018,56.12068965517242,39.68390804597701,-0.3185049820199987,0.9435316736997179
202,MHK,Manhattan Regional Airport,Manhattan,KS,39.14097,-96.67083000000001,1.9608416130917592,1785,0.0010985107076144308,1150,-14.562608695652173,532,37.785714285714285,64.42577030812325,29.80392156862745,-0.8158324199244915,2.116846738695478
203,MHT,Manchester-Boston Regional Airport,Manchester,NH,42.93452,-71.43706,-0.24783128926114267,6869,-3.6079675245471345e-05,4636,-15.050690250215704,1925,35.38597402597403,67.49162905808706,28.02445770854564,-0.21911035449433255,0.5151546662683655
204,MIA,Miami International Airport,Miami,FL,25.79325,-80.29056,6.49385510996119,75276,8.62672712413145e-05,43178,-12.894043262772708,29527,35.17577132793714,57.359583399755564,39.224985387108774,-0.017129022879500383,0.04672906547629675
205,MKE,General Mitchell International Airport,Milwaukee,WI,42.94722,-87.89658,2.1220010690815334,32467,6.535870481047013e-05,20975,-13.724910607866509,10272,34.59559968847352,64.60405950657591,31.638278867773433,-0.04227341795628333,0.10655619456208926
206,MKG,Muskegon County Airport,Muskegon,MI,43.16949,-86.23822,5.8691176470588236,729,0.008050915839586864,411,-15.075425790754258,257,39.63813229571984,56.37860082304527,35.25377229080932,-2.0679596420787734,5.437329533020555
207,MLB,Melbourne International Airport,Melbourne,FL,28.10275,-80.64581,1.7809457579972183,1448,0.0012299349157439353,1044,-12.309386973180077,366,42.10928961748634,72.09944751381215,25.276243093922652,-0.850095785440613,2.908100111704858
208,MLI,Quad City International Airport,Moline,IL,41.44853,-90.50754,6.284293727689954,4085,0.001538382797476121,2371,-12.420497680303669,1460,37.05205479452055,58.041615667074666,35.74051407588739,-0.3040513508030274,0.9070270451535017
209,MLU,Monroe Regional Airport,Monroe,LA,32.510870000000004,-92.03769,7.005396825396826,3240,0.002162159514011366,1827,-11.533114395183361,1233,34.986212489862126,56.388888888888886,38.05555555555556,-0.3559603208389926,1.0798213731438928
210,MMH,Mammoth Yosemite Airport,Mammoth Lakes,CA,37.62405,-118.83776999999999,7.928571428571429,156,0.050824175824175824,80,-16.2375,57,42.26315789473684,51.28205128205128,36.53846153846153,-10.408653846153847,27.091767881241562
211,MOB,Mobile Regional Airport,Mobile,AL,30.69142,-88.24283,6.909806862928933,5455,0.00126669236717304,3031,-10.117452985813262,2161,31.242943081906525,55.56370302474794,39.615032080659944,-0.18547118214139802,0.5727395615381581
212,MOT,Minot International Airport,Minot,ND,48.25938,-101.28033,2.0382916053019144,2068,0.0009856342385405777,1349,-14.770200148257969,632,38.096518987341774,65.2321083172147,30.56092843326886,-0.7142263127784317,1.8421914403937028
213,MQT,Sawyer International Airport,Marquette,MI,46.35364000000001,-87.39536,1.68944099378882,330,0.0051195181629964245,213,-19.27699530516432,99,46.96969696969697,64.54545454545455,30.0,-5.841513728837673,14.233241505968778
214,MRY,Monterey Regional Airport (Monterey Peninsula Airport),Monterey,CA,36.58698,-121.84295,5.936440677966102,3215,0.0018464823259614625,1897,-11.347917764891935,1113,35.705300988319856,59.00466562986003,34.61897356143079,-0.35296789315371496,1.1105847896833547
215,MSN,Dane County Regional Airport,Madison,WI,43.13986,-89.33751,2.6748732802317163,9973,0.0002682114990706624,6501,-13.02230426088294,2957,37.37436591139669,65.18600220595609,29.650055148902037,-0.13057559671997332,0.374755498961162
216,MSO,Missoula International Airport,Missoula,MT,46.916309999999996,-114.09056000000001,-1.5723920863309353,2248,-0.0006994626718553982,1553,-12.84996780424984,615,26.76260162601626,69.08362989323842,27.3576512455516,-0.5716177848865587,1.1905071897694066
217,MSP,Minneapolis-Saint Paul International Airport,Minneapolis,MN,44.88055,-93.21692,1.5290537984572623,122696,1.2462132412281267e-05,78656,-12.764963893409275,40245,29.568319045844206,64.1064093368977,32.80058029601617,-0.010403732716151526,0.02409884515048918
218,MSY,Louis Armstrong New Orleans International Airport,New Orleans,LA,29.99339,-90.25803,3.3150949699341417,42436,7.81198739262452e-05,27372,-11.855363144819524,13659,33.928838128706346,64.50183806202281,32.187293807144876,-0.02793704200400491,0.07995296005444986
219,MTJ,Montrose Regional Airport,Montrose,CO,38.50887,-107.89383000000001,2.4886831275720165,1007,0.0024713834434677423,642,-14.63551401869159,310,38.11290322580645,63.753723932472695,30.784508440913605,-1.4533777575661955,3.7847967453631033
220,MVY,Martha's Vineyard Airport,Marthas Vineyard,MA,41.393029999999996,-70.61433000000002,12.356481481481481,216,0.05720593278463649,138,-16.036231884057973,75,65.09333333333333,63.888888888888886,34.72222222222222,-7.424181427804617,30.135802469135804
221,MYR,Myrtle Beach International Airport,Myrtle Beach,SC,33.67975,-78.92833,7.083922768113172,5338,0.0013270743289833591,3134,-11.982131461391193,1991,37.47262682069312,58.711127763207195,37.298613713001124,-0.22446855491553377,0.7019975050710588
222,OAJ,Albert J. Ellis Airport,Jacksonville,NC,34.829159999999995,-77.61214,9.559349593495934,1248,0.007659735251198665,730,-10.513698630136986,469,41.43496801705757,58.493589743589745,37.580128205128204,-0.8424438004917456,3.3201096167514077
223,OAK,Oakland International Airport,Oakland,CA,37.72129,-122.22072,6.156772511121337,46301,0.00013297277620615835,24473,-8.931434642258816,19752,25.29014783313082,52.85630979892443,42.65998574544827,-0.019289938969479743,0.054621169808710006
224,OGG,Kahului Airport,Kahului,HI,20.89865,-156.43046,0.876003768336997,22450,3.90202123980845e-05,13100,-11.728015267175573,8428,20.54627432368296,58.35189309576837,37.54120267260579,-0.052240602526394536,0.0915201528894564
225,OKC,Will Rogers World Airport,Oklahoma City,OK,35.39309,-97.60073,4.441402662993572,17785,0.0002497274480176313,11212,-12.144666428826257,5863,36.42384444823469,63.041889232499294,32.96598256958111,-0.06828600747161236,0.2048009246456828
226,OMA,Eppley Airfield,Omaha,NE,41.30252,-95.89416999999999,3.217129474740716,18254,0.00017624243862938074,11586,-12.569048852062835,5992,33.932076101468624,63.471020050399915,32.8256820422921,-0.06885640874363337,0.18588844144553862
227,OME,Nome Airport,Nome,AK,64.5122,-165.44525,8.283018867924529,725,0.011424853610930385,334,-8.68562874251497,337,25.543026706231455,46.06896551724138,46.48275862068966,-1.1980177575882716,3.5231760974112354
228,ONT,Ontario International Airport,Ontario,CA,34.056,-117.60118999999999,4.0137927498333585,19720,0.0002035391860970263,12241,-10.532146066497836,6766,30.62444575820278,62.07403651115618,34.310344827586206,-0.053408448613072194,0.15529637808419258
229,ORD,Chicago O'Hare International Airport,Chicago,IL,41.9796,-87.90446,7.6011333197317414,313295,2.426190433850442e-05,176433,-13.43711210487834,121666,38.47112586918284,56.31529389233789,38.83432547598908,-0.00428896474724408,0.012279521176266088
230,ORF,Norfolk International Airport,Norfolk,VA,36.89461,-76.20121999999998,3.494097639055622,10288,0.00033962846413837695,6607,-13.054184955350387,3200,37.8675,64.22045101088646,31.104199066874028,-0.12688748984594078,0.3680744556765163
231,ORH,Worcester Regional Airport,Worcester,MA,42.267340000000004,-71.87571,0.5441389290882779,725,0.0007505364539148661,478,-16.14644351464435,207,39.10144927536232,65.93103448275862,28.551724137931032,-2.2270956571923244,5.393303348325838
232,OTH,Southwest Oregon Regional Airport (North Bend Municipal),North Bend,OR,43.41714,-124.24603,16.1722972972973,311,0.052000955939862696,154,-12.967532467532468,134,50.62686567164179,49.51768488745981,43.08681672025724,-4.169624587631018,16.278734942650093
233,OTZ,Ralph Wien Memorial Airport,Kotzebue,AK,66.88468,-162.59855,6.562952243125904,725,0.009052347921552972,349,-10.587392550143267,325,25.323076923076922,48.137931034482754,44.827586206896555,-1.4603300069163128,3.492838196286472
234,PAH,Barkley Regional Airport,Paducah,KY,37.060829999999996,-88.77375,4.997067448680352,728,0.006864103638297187,448,-12.024553571428571,215,40.906976744186046,61.53846153846154,29.532967032967033,-1.651724391679749,5.619090212113468
235,PBG,Plattsburgh International Airport,Plattsburgh,NY,44.65191,-73.46571,9.646048109965635,294,0.03280968744886271,153,-17.73856209150327,135,40.8962962962963,52.04081632653062,45.91836734693878,-6.033524520919479,13.910304862685816
236,PBI,Palm Beach International Airport,West Palm Beach,FL,26.683159999999997,-80.09559,7.444444444444445,24315,0.00030616674663559306,13875,-11.901333333333334,9416,36.407710280373834,57.06354102405923,38.72506683117417,-0.04894646651586812,0.1497335401208054
237,PDX,Portland International Airport,Portland,OR,45.58872,-122.5975,0.6808402837321693,51635,1.3185635397156373e-05,33801,-11.823792195497175,16199,26.82844620038274,65.46141183305897,31.372131306284494,-0.022898793832666166,0.05195787005012635
238,PHF,Newport News/Williamsburg International Airport,Newport News,VA,37.1319,-76.49299,8.409530900967981,1377,0.006107139361632521,784,-9.848214285714286,517,36.77949709864603,56.935366739288305,37.54538852578068,-0.7151934848013279,2.6709874436199006
239,PHL,Philadelphia International Airport,Philadelphia,PA,39.87195,-75.24114,3.862976355264273,72096,5.358100803462429e-05,43599,-15.984472120920204,26067,37.22706870756129,60.47353528628495,36.155958721704394,-0.022171094264480974,0.05163541487400312
240,PHX,Phoenix Sky Harbor International Airport,Phoenix,AZ,33.43417,-112.00806000000001,4.038010827747841,159592,2.5302087997818443e-05,91865,-11.093942197790236,62452,26.553993466982643,57.56240914331545,39.13228733269838,-0.006951440045735524,0.01663867453693333
241,PIA,General Wayne A. Downing Peoria International Airport,Peoria,IL,40.66424,-89.69331,5.449193548387097,5140,0.0010601543868457386,3077,-13.381540461488463,1789,38.12353269983231,59.86381322957198,34.80544747081712,-0.2603412541145615,0.7417029708138582
242,PIB,Hattiesburg-Laurel Regional Airport,Hattiesburg-Laurel,MS,31.46715,-89.33706,8.391869918699188,626,0.013405543001116913,375,-9.738666666666667,226,38.99557522123894,59.904153354632584,36.102236421725244,-1.5556975505857296,6.2293251152138875
243,PIH,Pocatello Regional Airport,Pocatello,ID,42.91131,-112.59586000000002,2.1875881523272214,711,0.0030767765855516474,464,-9.150862068965518,225,25.764444444444443,65.26019690576652,31.645569620253166,-1.2870410786168098,3.6236912017502734
244,PIT,Pittsburgh International Airport,Pittsburgh,PA,40.49147,-80.23286999999998,-1.5000969330386569,26249,-5.714872692440309e-05,18129,-15.0938827293287,7238,32.460348162475825,69.06548820907463,27.574383786048994,-0.05750269621444132,0.12366318016867622
245,PLN,Pellston Regional Airport of Emmet County,Pellston,MI,45.57093,-84.79672,6.931818181818182,815,0.008505298382598996,511,-10.95303326810176,258,42.97286821705426,62.69938650306749,31.656441717791413,-1.3439304623437742,5.272744566509726
246,PNS,Pensacola International Airport (Pensacola Gulf Coast Regional Airport),Pensacola,FL,30.473309999999998,-87.18744000000002,3.2008435136707387,7012,0.0004564808205463119,4604,-11.777367506516073,2129,35.80648191639267,65.65887050770108,30.362236166571595,-0.1679601755065042,0.510645777472799
247,PPG,Pago Pago International Airport (Tafuna Airport),Pago Pago,AS,14.33102,-170.71053,27.643478260869564,116,0.23830584707646177,38,-7.7105263157894735,75,46.29333333333334,32.758620689655174,64.65517241379311,-6.647005444646098,39.9080459770115
248,PSC,Tri-Cities Airport,Pasco,WA,46.26468,-119.11903000000001,0.4944295044179793,2643,0.0001870713221407413,1771,-12.099943534726144,771,29.46303501945525,67.00718880060538,29.171396140749152,-0.4578109547758662,1.114757284126192
249,PSE,Mercedita Airport,Ponce,PR,18.0083,-66.56300999999999,-4.339598997493734,811,-0.005350923548081053,590,-17.4,196,34.70918367346939,72.74969173859432,24.167694204685574,-2.1454993834771887,4.27980069956466
250,PSG,Petersburg James A. Johnson Airport,Petersburg,AK,56.80165,-132.94528,5.695224719101123,726,0.007844662147522209,413,-13.394673123486683,282,33.99645390070922,56.8870523415978,38.84297520661157,-1.8449962980009207,4.68270714885802
251,PSP,Palm Springs International Airport,Palm Springs,CA,33.82922,-116.50625,5.826150781168082,9660,0.0006031211988786835,5803,-11.81371704290884,3521,35.25106503834138,60.072463768115945,36.449275362318836,-0.12229520748352836,0.3649178575397658
252,PUB,Pueblo Memorial Airport,Pueblo,CO,38.28909,-104.49656999999999,2.2213438735177866,264,0.008414181339082526,162,-13.530864197530864,87,31.655172413793103,61.36363636363637,32.95454545454545,-5.125327347549569,11.990595611285267
253,PVD,Theodore Francis Green State Airport,Providence,RI,41.724,-71.42822,0.10043041606886657,12156,8.261797965520449e-06,8100,-14.583456790123456,3560,33.51573033707865,66.63376110562686,29.285949325436,-0.11996920689473065,0.27571347760018633
254,PWM,Portland International Jetport,Portland,ME,43.64617,-70.30875,3.3361310951239007,5158,0.0006467877268561265,3281,-15.184395001523926,1638,40.60683760683761,63.60992632803411,31.756494765412953,-0.29438532379844756,0.7872593564722298
255,RAP,Rapid City Regional Airport,Rapid City,SD,44.045320000000004,-103.05736999999999,3.363848396501458,3501,0.0009608250204231528,2168,-12.306273062730627,1172,32.60921501706485,61.92516423878892,33.47614967152242,-0.35150737111484226,0.9314257359915695
256,RDD,Redding Municipal Airport,Redding,CA,40.50898,-122.2934,0.62890625,789,0.0007970928390367553,568,-13.605633802816902,187,43.90909090909091,71.98986058301648,23.70088719898606,-1.72441493064853,5.565157276183892
257,RDM,Redmond Municipal Airport (Roberts Field),Redmond,OR,44.25407,-121.14996000000001,0.8020698576972833,2352,0.0003410160959597293,1675,-13.51820895522388,608,40.30098684210526,71.21598639455783,25.850340136054424,-0.5747537821098588,1.7134773317221623
258,RDU,Raleigh-Durham International Airport,Raleigh,NC,35.87764,-78.78747,4.005373186916437,34898,0.00011477371731664957,21615,-12.68854961832061,11730,35.01091219096334,61.937646856553386,33.612241389191354,-0.03635895930517683,0.10032354917463276
259,RHI,Rhinelander-Oneida County Airport,Rhinelander,WI,45.631190000000004,-89.46745,5.020527859237537,1042,0.004818164932089766,520,-15.85,485,27.583505154639177,49.90403071017274,46.54510556621881,-1.521113243761996,2.647169400637157
260,RIC,Richmond International Airport,Richmond,VA,37.50517,-77.31967,5.3022101120193765,17002,0.00031185802329251715,10628,-13.35669928490779,5607,40.93472445157838,62.510292906716856,32.97847312080931,-0.0785595770198082,0.24076417157733432
261,RKS,Rock Springs-Sweetwater County Airport,Rock Springs,WY,41.59422,-109.06518999999999,-0.5488308115543329,747,-0.000734713268479696,556,-15.31294964028777,162,50.092592592592595,74.43105756358769,21.686746987951807,-2.04992632400104,6.705835688432743
262,RNO,Reno/Tahoe International Airport,Reno,NV,39.49858,-119.76806,4.91449814126394,14155,0.00034719167370285696,8498,-10.009767004000942,5132,29.970187061574435,60.035323207347226,36.25574002119392,-0.07071541507595155,0.21172862636223552
263,ROA,Roanoke Regional Airport (Woodrum Field),Roanoke,VA,37.32547,-79.97543,6.56516393442623,2505,0.0026208239259186547,1534,-12.621251629726206,858,41.235431235431236,61.2375249500998,34.25149700598802,-0.503842380428192,1.6461249994184124
264,ROC,Greater Rochester International Airport,Rochester,NY,43.11887,-77.67238,0.8631288420524401,8185,0.00010545251582803178,5491,-15.969404480058277,2328,40.62199312714777,67.08613317043371,28.442272449602935,-0.19510573585898933,0.4962980223231248
265,ROW,Roswell International Air Center,Roswell,NM,33.301559999999995,-104.53056,5.892323030907278,1066,0.005527507533684126,626,-12.985623003194888,353,39.77053824362606,58.724202626641656,33.11444652908067,-1.218163508742485,3.7308197226666104
266,RST,Rochester International Airport,Rochester,MN,43.90883,-92.49799,3.4948979591836733,2239,0.0015609191421097246,1431,-15.81341719077568,700,43.09142857142857,63.91246092005359,31.263957123715947,-0.706271424331205,1.9245836789383015
267,RSW,Southwest Florida International Airport,Ft. Myers,FL,26.536170000000002,-81.75516999999998,3.57607862270858,29116,0.0001228217688799485,18326,-12.850758485212268,9780,34.57208588957055,62.9413380958923,33.589778815771396,-0.044136414635294226,0.11873913274340758
268,SAF,Santa Fe Municipal Airport,Santa Fe,NM,35.61678,-106.08814,8.013131976362443,1597,0.005017615514315869,907,-12.880926130099228,584,40.90239726027397,56.79398872886663,36.56856606136506,-0.8065702022604401,2.561202082672134
269,SAN,San Diego International Airport (Lindbergh Field),San Diego,CA,32.73356,-117.18966,3.032546850753989,76359,3.971433427302596e-05,46672,-11.919116386698663,26945,29.13119317127482,61.12180620490053,35.28726148849513,-0.0156093144052419,0.038150307326280886
270,SAT,San Antonio International Airport,San Antonio,TX,29.533690000000004,-98.46978,1.7188839187963338,32412,5.30323311982085e-05,21253,-12.10892579871077,10015,31.18342486270594,65.57139331111934,30.89904973466617,-0.037359390962331145,0.09620950531502512
271,SAV,Savannah/Hilton Head International Airport,Savannah,GA,32.12758,-81.20214,5.461509715994021,8203,0.0006657941870040255,5064,-12.536532385466035,2800,38.332142857142856,61.73351212970864,34.13385346824332,-0.15282862837335165,0.46729419550338724
272,SBA,Santa Barbara Municipal Airport (Santa Barbara Airport),Santa Barbara,CA,34.42621,-119.84037,5.113025927650986,6582,0.0007768194967564549,4124,-11.509941804073716,2179,36.89765947682423,62.655727742327564,33.10543907626861,-0.174869975753171,0.5605843129265304
273,SBN,South Bend International Airport (South Bend Regional),South Bend,IN,41.70895,-86.31846999999998,8.679419802396469,4869,0.0017825877597856786,2835,-12.386596119929454,1827,41.81937602627258,58.225508317929766,37.52310536044362,-0.2543971271293788,0.8588904503239387
274,SBP,San Luis Obispo County Regional Airport (McChesney Field),San Luis Obispo,CA,35.23706,-120.64238999999999,4.6908431550317315,3383,0.001386592715055197,2071,-12.297923708353453,1178,34.79711375212224,61.21785397576116,34.82116464676322,-0.3635212447045065,1.0285874594183342
275,SCC,Deadhorse Airport (Prudhoe Bay Airport),Deadhorse,AK,70.19476,-148.46516,0.9051339285714286,936,0.000967023427960928,558,-11.78853046594982,318,23.235849056603772,59.61538461538461,33.97435897435898,-1.2594583831142971,2.4824625060474115
276,SCE,University Park Airport,State College,PA,40.851209999999995,-77.8463,5.404661016949152,973,0.005554636194192345,626,-13.507987220447284,300,45.193333333333335,64.33710174717369,30.832476875642346,-1.3882823453697104,4.644741349777322
277,SDF,Louisville International Airport (Standiford Field),Louisville,KY,38.17439,-85.736,2.691123272423708,11047,0.00024360670520717916,7087,-13.585438126146466,3485,35.952080344332856,64.15316375486557,31.547026341993302,-0.12297852924908542,0.32544654969071113
278,SEA,Seattle-Tacoma International Airport,Seattle,WA,47.44898,-122.30931000000001,2.5772396853320942,121256,2.125453326294859e-05,70311,-11.734479668899603,46910,24.20893199744191,57.9855842185129,38.68674539816586,-0.00967744249265983,0.019965141516660543
279,SFO,San Francisco International Airport,San Francisco,CA,37.619,-122.37483999999999,5.4026282775059595,162006,3.334832214551288e-05,94838,-12.38059638541513,60904,33.42043215552345,58.53980716763577,37.59366937027024,-0.007642060408512727,0.020629132350359524
280,SGF,Springfield-Branson National Airport,Springfield,MO,37.24433,-93.38686,8.630414887126296,6767,0.00127536794548933,3802,-11.833508679642293,2588,39.24729520865533,56.184424412590516,38.244421457071084,-0.17487082428908368,0.5799807183191271
281,SGU,St. George Regional Airport,St George,UT,37.090579999999996,-113.59306000000001,1.9113025848960974,1980,0.0009653043358061098,1300,-9.463076923076922,620,25.924193548387098,65.65656565656566,31.313131313131315,-0.4779331779331779,1.3093027044639949
282,SHV,Shreveport Regional Airport,Shreveport,LA,32.44663,-93.8256,9.194813213954925,6655,0.001381639851833948,3792,-10.66824894514768,2502,39.97521982414069,56.97971450037566,37.59579263711495,-0.1603042666438419,0.6006794864634213
283,SIT,Sitka Rocky Gutierrez Airport,Sitka,AK,57.04714,-135.3616,2.041018387553041,1435,0.0014223124651937568,886,-10.548532731376975,497,24.611670020120723,61.74216027874564,34.63414634146341,-0.7350893889461306,1.715098956105974
284,SJC,Norman Y. Mineta San José International Airport,San Jose,CA,37.36186,-121.92901,4.841084894186329,41624,0.00011630513391760352,23732,-9.29736221136019,16170,25.953123067408782,57.01518354795311,38.8477801268499,-0.02233654192619688,0.06235134313715352
285,SJT,San Angelo Regional Airport (Mathis Field),San Angelo,TX,31.35775,-100.49631,4.0378027170702895,1777,0.002272258141288852,1130,-13.167256637168142,526,41.28326996197718,63.59032076533483,29.60045019696117,-0.7409823656256692,2.3232003355080013
286,SJU,Luis Muñoz Marín International Airport,San Juan,PR,18.439420000000002,-66.00183,2.506036485508626,26524,9.448184608311816e-05,17108,-14.414133738601823,8648,36.12372802960222,64.50007540340823,32.60443372040417,-0.0543437405316009,0.1361926105775985
287,SLC,Salt Lake City International Airport,Salt Lake City,UT,40.78839,-111.97776999999999,0.40001140825387166,105916,3.776685375711617e-06,69256,-11.596035000577567,33282,25.394237125172765,65.38766569734507,31.42301446429246,-0.010948331697361651,0.023975827188689874
288,SMF,Sacramento International Airport,Sacramento,CA,38.69542,-121.59076999999999,5.147105432575645,40830,0.00012606185237755684,23363,-9.041304626974275,15859,26.42682388549089,57.22018123928484,38.841538084741615,-0.022143778170399888,0.0647240359674036
289,SMX,Santa Maria Public Airport (Capt G. Allan Hancock Field),Santa Maria,CA,34.89925,-120.45758000000001,5.64656381486676,726,0.007777636108631901,475,-13.014736842105263,224,45.57142857142857,65.42699724517907,30.853994490358126,-1.792663476874003,6.277056277056277
290,SNA,John Wayne Airport (Orange County Airport),Santa Ana,CA,33.67566,-117.86822,1.5356201184020695,40698,3.773207819553957e-05,25630,-11.302145922746782,13579,25.878857058693573,62.97606762003048,33.365275934935376,-0.027770764958343856,0.06358754007246933
291,SPI,Abraham Lincoln Capital Airport,Springfield,IL,39.84395,-89.67761999999998,7.225225225225225,1737,0.004159600014522294,1093,-11.848124428179323,536,46.6044776119403,62.92458261370179,30.857800805987335,-0.6821027304651309,2.6830441918215486
292,SPS,Wichita Falls Municipal Airport/Sheppard AFB,Wichita Falls,TX,33.9888,-98.49189,5.232323232323233,1356,0.003858645451565806,843,-12.128113879003559,424,39.99528301886792,62.16814159292036,31.268436578171094,-0.8944036783925928,2.949504647409139
293,SRQ,Sarasota-Bradenton International Airport,Sarasota,FL,27.395329999999998,-82.55411,4.455825510767532,3675,0.0012124695267394646,2481,-11.16968964127368,1061,41.32987747408106,67.51020408163265,28.870748299319725,-0.30393713309588244,1.1246225163015255
294,STC,St. Cloud Regional Airport,St Cloud,MN,45.545320000000004,-94.05834,19.558441558441558,83,0.23564387419809107,37,-9.324324324324325,38,48.71052631578947,44.57831325301205,45.78313253012048,-11.234125691957017,58.68738110336081
295,STL,St. Louis International Airport at Lambert Field,St Louis,MO,38.74769000000001,-90.35999,3.7149427110177218,51246,7.249234498336888e-05,31536,-12.109906139015727,17833,31.92407334716537,61.53846153846154,34.798813565936854,-0.023630929514529383,0.06229573693003428
296,STT,Cyril E. King Airport,Charlotte Amalie,VI,18.337310000000002,-64.97336,3.798410896708286,4585,0.0008284429436659293,2927,-16.42842500854117,1416,45.77542372881356,63.838604143947656,30.88331515812432,-0.35830806997908765,0.9983734728203612
297,STX,Henry E. Rohlsen Airport,Christiansted,VI,17.70189,-64.79856,5.06,1007,0.005024826216484608,596,-12.79026845637584,386,32.85751295336787,59.18570009930486,38.331678252234354,-1.2701358943769452,3.2629109189044563
298,SUN,Friedman Memorial Airport,Hailey,ID,43.50484,-114.29659,1.063646170442287,1018,0.001044839067232109,642,-13.336448598130842,258,37.007751937984494,63.0648330058939,25.343811394891947,-1.310063712979454,3.6353390901752944
299,SUX,Sioux Gateway Airport,Sioux City,IA,42.4026,-96.38436999999999,5.603715170278638,677,0.008277274993026053,433,-15.394919168591224,198,51.94949494949495,63.95864106351551,29.246676514032494,-2.2739910145629576,7.673485221491131
300,SWF,Stewart International Airport,Newburgh,NY,41.50409000000001,-74.10484,6.314363143631437,757,0.008341298736633338,445,-14.92134831460674,282,40.0709219858156,58.78467635402907,37.25231175693527,-1.9711160257076275,5.293384674480264
301,SYR,Syracuse Hancock International Airport,Syracuse,NY,43.11119,-76.10631,0.35411184210526314,6248,5.6676031066783475e-05,4238,-16.57409155261916,1752,41.32077625570776,67.82970550576184,28.040973111395644,-0.26527035135433996,0.6613440501873842
302,TLH,Tallahassee International Airport,Tallahassee,FL,30.39653,-84.35033,3.3021351272301844,3473,0.0009508019370084032,2324,-11.33907056798623,1022,36.83170254403131,66.91621076878779,29.42700835012957,-0.3264920981280227,1.0605154778010744
303,TOL,Toledo Express Airport,Toledo,OH,41.58681,-83.80783000000002,-3.0730964467005077,1050,-0.0029267585206671502,729,-17.598079561042525,239,41.01255230125523,69.42857142857143,22.76190476190476,-1.6760075772421452,3.9059573620243078
304,TPA,Tampa International Airport,Tampa,FL,27.97547,-82.53325,4.522464905461106,69019,6.552492654864757e-05,43435,-11.792448486243813,23287,35.23489500579723,62.93194627566322,33.7399846419102,-0.01708580026694651,0.051051007701933125
305,TRI,Tri-Cities Regional Airport,Bristol,TN,36.47521,-82.40742,4.116707021791767,2087,0.0019725476865317523,1324,-11.23036253776435,683,34.21669106881406,63.44034499281265,32.72640153330139,-0.5381103276360494,1.6395156238051778
306,TTN,Trenton Mercer Airport,Trenton,NJ,40.27669,-74.81347,10.576771653543307,3107,0.0034041749770013863,1798,-14.49833147942158,1196,48.75083612040134,57.86932732539427,38.49372384937239,-0.46663442160996393,1.5690645677631585
307,TUL,Tulsa International Airport,Tulsa,OK,36.198370000000004,-95.88824,3.6421718854097267,15289,0.00023822172054481828,9730,-11.963103802672148,4981,34.344509134711906,63.640525868271304,32.57897835044803,-0.07824647656924683,0.22463541850161495
308,TUS,Tucson International Airport,Tucson,AZ,32.11608,-110.94103,2.1209543184760498,16428,0.00012910605785707631,10655,-11.676208352885968,5205,30.511815561959654,64.85877769661553,31.68371073776479,-0.071075044758254,0.18573055491818635
309,TVC,Cherry Capital Airport,Traverse City,MI,44.741440000000004,-85.58224,1.661436541143654,2964,0.0005605386441105445,1923,-14.123244929797192,878,36.35990888382688,64.87854251012146,29.622132253711204,-0.4764927439202832,1.2267175736783698
310,TWF,Magic Valley Regional Airport (Joslin Field),Twin Falls,ID,42.4818,-114.48773999999999,-1.5448430493273542,902,-0.001712686307458264,633,-11.236966824644549,241,23.796680497925312,70.17738359201773,26.718403547671844,-1.2457834617122558,2.638212915512784
311,TXK,Texarkana Regional Airport (Webb Field),Texarkana,AR,33.45371,-93.99101999999999,5.27,1066,0.004943714821763602,615,-10.4130081300813,352,33.16477272727273,57.692307692307686,33.02063789868668,-0.9768300309644746,3.111141906873614
312,TYR,Tyler Pounds Regional Airport,Tyler,TX,32.35414,-95.40239,5.5990916597853015,2527,0.0022157070280115956,1514,-12.684280052840158,853,38.41148886283705,59.91294024535022,33.75544123466561,-0.5019501405951784,1.520043089150655
313,TYS,McGhee Tyson Airport,Knoxville,TN,35.81249000000001,-83.99286,7.601898305084746,7592,0.0010013037809647979,4355,-13.197703788748564,2862,39.671558350803636,57.36301369863014,37.697576396206536,-0.17383698351881668,0.522544235389932
314,UST,Northeast Florida Regional Airport (St. Augustine Airport),St. Augustine,FL,29.95441,-81.34291,8.082278481012658,169,0.04782413302374354,91,-15.351648351648352,65,41.13846153846154,53.84615384615385,38.46153846153847,-9.083815592691332,24.34228493400091
315,VEL,Valdez Airport,Vernal,UT,40.4409,-109.50992,-7.52,206,-0.036504854368932034,172,-16.924418604651162,23,61.17391304347826,83.49514563106796,11.165048543689322,-8.215737186723866,29.69607429295061
316,VLD,Valdosta Regional Airport,Valdosta,GA,30.7825,-83.27672,7.016781836130306,1023,0.006859024277742235,587,-8.52129471890971,389,31.131105398457585,57.380254154447705,38.02541544477028,-0.8329711357683002,3.0431188072783564
317,VPS,Destin-Fort Walton Beach Airport/Eglin AFB,Valparaiso,FL,30.48325,-86.5254,5.1731702582022905,5283,0.000979210724626593,3389,-12.60578341693715,1651,42.01574803149607,64.14915767556313,31.251183039939427,-0.23861032400032464,0.7953009280994902
318,WRG,Wrangell Airport,Wrangell,AK,56.48433000000001,-132.36982,4.87977369165488,726,0.006721451365915813,430,-11.3,260,31.95769230769231,59.22865013774105,35.81267217630854,-1.556473829201102,4.401885992795084
319,WYS,Westerly State Airport,West Yellowstone,MT,44.6884,-111.11764,-1.8653846153846154,208,-0.00896819526627219,142,-10.098591549295774,58,18.03448275862069,68.26923076923077,27.884615384615387,-4.855092091007584,8.670424403183025
320,XNA,Northwest Arkansas Regional Airport,Fayetteville/Springdale/Rogers,AR,36.28187,-94.30681,10.282364830722587,10224,0.0010057086102036959,5654,-11.859391581181464,4024,41.94756461232604,55.30125195618153,39.358372456964005,-0.1159956140569392,0.41028525638034075
321,YAK,Yakutat Airport,Yakutat,AK,59.50336,-139.66023,-5.34691011235955,724,-0.0073852349618225835,527,-16.25237191650854,171,27.82456140350877,72.79005524861878,23.61878453038674,-2.2448027508989696,3.843171464573034
322,YUM,Yuma International Airport,Yuma,AZ,32.65658,-114.60597,2.1683899556868536,2054,0.0010556913124084,1276,-9.589341692789969,695,23.942446043165468,62.122687439143135,33.83641674780915,-0.46686181561781737,1.1656497586740735
